帳號名稱,賣家,價格(USD),價格(TWD),手續費(TWD),總價(TWD),分數,類別,商品連結,幣別,價格分,內容分,內容全文,帳號價值分析,抓取時間
【Global】Crown Cards×1 | 26 Gold | 1100Pack Hourglass | 1500+ Challenge Hourglass | Android&IOS,Lightning02,0.96,30.72,1.54,32.26,28,初始號,https://www.g2g.com/categories/pokemon-tcg-pocket-accounts/offer/G1766701702562PD,USD,0.0,46,"Buy 【Global】Crown Cards×1 | 26 Gold | 1100Pack Hourglass | 1500+ Challenge Hourglass | Android&IOS from Lightning02 | g2g.com | Buy safe TW 成为卖家 登录 / 注册 首页 > 游戏账号 > Pokemon TCG Pocket 【Global】Crown Cards×1 | 26 Gold | 1100Pack Hourglass | 1500+ Challenge Hourglass | Android&IOS 产品信息 交易时间 10分钟 Platform Android 【Global】Crown Cards×1 | 26 Gold | 1100Pack Hourglass | 1500+ Challenge Hourglass | Android&IOS verified_user 免费保险 14天 91 可用库存 remove add 总额 0.96 USD 立即购买 thumb_up 100.00% 已售出7 Lightning02 用户等级 125 934 聊天 military_tech 99.71% 完单率 store 加入时间, 2022年12月3日 thumb_up 99.78% 全部评价 Rare Seller G2G是一个全面的游戏相关产品在线市场。我们致力于为游戏社区的利益创新。 © 2026 G2G.com 关于我们 服务条款 协议条款 隐私政策 帮助中心 日间模式",初始號；命中關鍵字：crown(+20)、gold(+14)、ur(+8)；價格便宜但內容偏基礎，適合初始開局,2026-04-02T17:04:29
【Global】Crown Cards×1 | 40 Poké Gold | 2400+ Pack Hourglass | 1300+ Challenge Hourglass | Android&IOS[Auto Delivery],week1997,0.97,31.04,1.55,32.59,28,初始號,https://www.g2g.com/categories/pokemon-tcg-pocket-accounts/offer/G1738557553542OJ,USD,0.25,46,"Buy 【Global】Crown Cards×1 | 40 Poké Gold | 2400+ Pack Hourglass | 1300+ Challenge Hourglass | Android&IOS[Auto Delivery] from week1997 | g2g.com | Buy safe TW 成为卖家 登录 / 注册 首页 > 游戏账号 > Pokemon TCG Pocket 【Global】Crown Cards×1 | 40 Poké Gold | 2400+ Pack Hourglass | 1300+ Challenge Hourglass | Android&IOS[Auto Delivery] 产品信息 交易时间 立即 交易方式 自动发货 Platform Android 【Global】Crown Cards×1 | 40 Poké Gold | 2400+ Pack Hourglass | 1300+ Wonder Hourglass | Android&IOS[Auto Delivery] Available for IOS and Android AUTO DELIVERY 24/7 verified_user 免费保险 14天 42 可用库存 remove add 总额 0.97 USD 立即购买 thumb_up 100.00% 已售出670 week1997 用户等级 125 529 聊天 military_tech 100% 完单率 store 加入时间, 2024年11月5日 thumb_up 99.92% 全部评价 Legendary Seller G2G是一个全面的游戏相关产品在线市场。我们致力于为游戏社区的利益创新。 © 2026 G2G.com 关于我们 服务条款 协议条款 隐私政策 帮助中心 日间模式",初始號；命中關鍵字：crown(+20)、gold(+14)、ur(+8)；價格便宜但內容偏基礎，適合初始開局,2026-04-02T17:04:29
[INSTANT DELIVERY] [GLOBAL] 800+ Pack Hour Glass | 1000 Challenge Hour Glass | 15+ Gold | Tons of Cards and Immersives,game_co,1.15,36.8,1.84,38.64,26,初始號,https://www.g2g.com/categories/pokemon-tcg-pocket-accounts/offer/G1761845084693VN,USD,4.7,40,"Buy [INSTANT DELIVERY] [GLOBAL] 800+ Pack Hour Glass | 1000 Challenge Hour Glass | 15+ Gold | Tons of Cards and Immersives from game_co | g2g.com | Buy safe TW 成为卖家 登录 / 注册 首页 > 游戏账号 > Pokemon TCG Pocket [INSTANT DELIVERY] [GLOBAL] 800+ Pack Hour Glass | 1000 Challenge Hour Glass | 15+ Gold | Tons of Cards and Immersives 产品信息 交易时间 立即 交易方式 自动发货 Platform Android [GLOBAL] 800+ Pack Hour Glass | 1000 Challenge Hour Glass | 15+ Gold Available for both IOS and Android Good for reroll, since all rarity can be transferred/traded to your main account Disclaimer: Cards obtained before you logged in may be obtain in CN language, for further pull change the game language to EN card. 收回 verified_user 免费保险 14天 139 可用库存 阶梯折扣 remove add 单价 0.5762 USD 总额 1.15 USD 立即购买 thumb_up 100.00% 已售出37 g game_co 用户等级 69 5 聊天 military_tech 99.3% 完单率 store 加入时间, 2020年5月11日 thumb_up 100% 全部评价 Uncommon Seller G2G是一个全面的游戏相关产品在线市场。我们致力于为游戏社区的利益创新。 © 2026 G2G.com 关于我们 服务条款 协议条款 隐私政策 帮助中心 日间模式",初始號；命中關鍵字：gold(+14)、immersive(+14)、ur(+8)；綜合表現中等，建議比對賣家評價後再決定,2026-04-02T17:04:29
【Global】2400 Pack Hourglass|2000 Challenge Hourglass|35 pokes gold| Random 1 Crown card,CNLTeam,1.0,32.0,1.6,33.6,28,初始號,https://www.g2g.com/categories/pokemon-tcg-pocket-accounts/offer/G1730879156113ZO,USD,0.99,46,"Buy 【Global】2400 Pack Hourglass|2000 Challenge Hourglass|35 pokes gold| Random 1 Crown card from CNLTeam | g2g.com | Buy safe TW 成为卖家 登录 / 注册 首页 > 游戏账号 > Pokemon TCG Pocket 【Global】2400 Pack Hourglass|2000 Challenge Hourglass|35 pokes gold| Random 1 Crown card 产品信息 交易时间 10分钟 Platform Android All platform - Available for IOS and Android Nintendo Account Initial language cannot be changed ----------------------------------------- We are the best in the price range you can buy and trust us. We are online 24/7, please message us when you need us 收回 verified_user 免费保险 14天 999 可用库存 remove add 总额 1.00 USD 立即购买 thumb_up 100.00% 已售出59 CNLTeam 用户等级 173 15.7k 聊天 military_tech 98.19% 完单率 store 加入时间, 2017年11月6日 thumb_up 99.11% 全部评价 Legendary Seller G2G是一个全面的游戏相关产品在线市场。我们致力于为游戏社区的利益创新。 © 2026 G2G.com 关于我们 服务条款 协议条款 隐私政策 帮助中心 日间模式",初始號；命中關鍵字：crown(+20)、gold(+14)、ur(+8)；價格便宜但內容偏基礎，適合初始開局,2026-04-02T17:04:29
【Global】Opening Hourglass*310~330+Challenge Hourglass*420+Pokémon Gold*6丨hourglass,xunlintech,1.0,32.0,1.6,33.6,14,初始號,https://www.g2g.com/categories/pokemon-tcg-pocket-accounts/offer/G1730555842755YP,USD,0.99,22,"Buy 【Global】Opening Hourglass*310~330+Challenge Hourglass*420+Pokémon Gold*6丨hourglass from xunlintech | g2g.com | Buy safe TW 成为卖家 登录 / 注册 首页 > 游戏账号 > Pokemon TCG Pocket 【Global】Opening Hourglass*310~330+Challenge Hourglass*420+Pokémon Gold*6丨hourglass 产品信息 交易时间 立即 交易方式 自动发货 Platform Android Please read carefully before purchasing. Please confirm that your network can install the game before purchasing, thank you! The cards are all Traditional Chinese Cards (CHT) and do not follow the locale. Log in with your Nintendo account. For the safety of all buyers’ purchased referral codes, all referral codes in our store will not be sold twice. Once sold, there will be no refunds unless there is a quality problem with the account itself. 收回 verified_user 免费保险 14天 1 可用库存 remove add 总额 1.00 USD 立即购买 thumb_up 100.00% 已售出20 xunlintech 用户等级 90 47 聊天 military_tech 100% 完单率 store 加入时间, 2024年6月22日 thumb_up 99.73% 全部评价 Common Seller G2G是一个全面的游戏相关产品在线市场。我们致力于为游戏社区的利益创新。 © 2026 G2G.com 关于我们 服务条款 协议条款 隐私政策 帮助中心 日间模式",初始號；命中關鍵字：gold(+14)、ur(+8)；價格便宜但內容偏基礎，適合初始開局,2026-04-02T17:04:29
1000 cards | 350+ hourglass | 20 pokegold | 70+ rare cards,gameNseller,1.0,32.0,1.6,33.6,14,初始號,https://www.g2g.com/categories/pokemon-tcg-pocket-accounts/offer/G1734939801749VR,USD,0.99,22,"Buy 1000 cards | 350+ hourglass | 20 pokegold | 70+ rare cards from gameNseller | g2g.com | Buy safe TW 成为卖家 登录 / 注册 首页 > 游戏账号 > Pokemon TCG Pocket 1000 cards | 350+ hourglass | 20 pokegold | 70+ rare cards 产品信息 交易时间 立即 交易方式 自动发货 Platform Android This is my lvl 20 account that i want to sell verified_user 免费保险 14天 1 可用库存 remove add 总额 1.00 USD 立即购买 thumb_up 0.00% 已售出0 g gameNseller 用户等级 19 0 聊天 military_tech 92.31% 完单率 store 加入时间, 2024年11月5日 thumb_up 100% 全部评价 Normal Seller G2G是一个全面的游戏相关产品在线市场。我们致力于为游戏社区的利益创新。 © 2026 G2G.com 关于我们 服务条款 协议条款 隐私政策 帮助中心 日间模式",初始號；命中關鍵字：gold(+14)、ur(+8)；價格便宜但內容偏基礎，適合初始開局,2026-04-02T17:04:29
[INSTANT DELIVERY]20+ Poke gold / 1000+ Pack Hourglass - 1000+ Wonder Hourglass- 1600+Cards [Auto Delivery],NourStore,1.0,32.0,1.6,33.6,22,初始號,https://www.g2g.com/categories/pokemon-tcg-pocket-accounts/offer/G1734128681266PT,USD,0.99,36,"Buy [INSTANT DELIVERY]20+ Poke gold / 1000+ Pack Hourglass - 1000+ Wonder Hourglass- 1600+Cards [Auto Delivery] from NourStore | g2g.com | Buy safe TW 成为卖家 登录 / 注册 首页 > 游戏账号 > Pokemon TCG Pocket [INSTANT DELIVERY]20+ Poke gold / 1000+ Pack Hourglass - 1000+ Wonder Hourglass- 1600+Cards [Auto Delivery] 产品信息 交易时间 立即 交易方式 自动发货 Platform IOS Working on Android ,IOS Starter Account - Fast Delivery 1000+ Pack Hourglass 1000+ Wonder Hourglass 20+ Gold Nagget 1600+Cards maybe cards are not English but you still can use the Account in English Language and the cards will be English While you playing Please check the account notes carefully, the e-mail login website address is also in the notes. Nintendo (Email)Account----Password----Email password----Nickname----Date Full access Nintendo Account If you have any questions, please contact me! Once an account has been sent, it cannot be refunded 收回 verified_user 免费保险 14天 1 可用库存 remove add 总额 1.00 USD 立即购买 thumb_up 100.00% 已售出13 NourStore 用户等级 133 826 聊天 military_tech 99.88% 完单率 store 加入时间, 2018年2月16日 thumb_up 99.54% 全部评价 Uncommon Seller G2G是一个全面的游戏相关产品在线市场。我们致力于为游戏社区的利益创新。 © 2026 G2G.com 关于我们 服务条款 协议条款 隐私政策 帮助中心 日间模式",初始號；命中關鍵字：gold(+14)、poke gold(+10)、ur(+8)；價格便宜但內容偏基礎，適合初始開局,2026-04-02T17:04:29
Poke Gold*26+Pack hourglass*1100+Wonder hourglass*1500-[IOS/ANDROIND],媒体-01,1.0,32.0,1.6,33.6,22,初始號,https://www.g2g.com/categories/pokemon-tcg-pocket-accounts/offer/G1739402523032HT,USD,0.99,36,"Buy Poke Gold*26+Pack hourglass*1100+Wonder hourglass*1500-[IOS/ANDROIND] from andre12138 | g2g.com | Buy safe TW 成为卖家 登录 / 注册 首页 > 游戏账号 > Pokemon TCG Pocket Poke Gold*26+Pack hourglass*1100+Wonder hourglass*1500-[IOS/ANDROIND] 产品信息 交易时间 10分钟 Platform IOS image 媒体-01 Account information: -Login method:Nintendo/Google -Platform: Android / IOS -------------------------------- If you need to specify cards please click on the media to view the image. -------------------------------- Security Guarantee Daily Login Fresh Account All resources,are legitimately obtained to eliminate getting banned All accounts are tutorial finished and login daily, GUARANTEED 100% safe &amp; legit. All Accounts are Legit rolled/No Interfering Game File. No Modded/Hacked/Duped Involved. 收回 verified_user 免费保险 14天 11 可用库存 remove add 总额 1.00 USD 立即购买 thumb_up 0.00% 已售出0 andre12138 用户等级 124 446 聊天 military_tech 99.55% 完单率 store 加入时间, 2020年5月24日 thumb_up 99.73% 全部评价 Rare Seller G2G是一个全面的游戏相关产品在线市场。我们致力于为游戏社区的利益创新。 © 2026 G2G.com 关于我们 服务条款 协议条款 隐私政策 帮助中心 日间模式",初始號；命中關鍵字：gold(+14)、poke gold(+10)、ur(+8)；價格便宜但內容偏基礎，適合初始開局,2026-04-02T17:04:29
[INSTANT DELIVERY]20+ Poke gold / 1000+ Pack Hourglass - 1000+ Wonder Hourglass- 1600+Cards [Auto Delivery],NourStore,1.0,32.0,1.6,33.6,22,初始號,https://www.g2g.com/categories/pokemon-tcg-pocket-accounts/offer/G1739433983205HI,USD,0.99,36,"Buy [INSTANT DELIVERY]20+ Poke gold / 1000+ Pack Hourglass - 1000+ Wonder Hourglass- 1600+Cards [Auto Delivery] from NourStore | g2g.com | Buy safe TW 成为卖家 登录 / 注册 首页 > 游戏账号 > Pokemon TCG Pocket [INSTANT DELIVERY]20+ Poke gold / 1000+ Pack Hourglass - 1000+ Wonder Hourglass- 1600+Cards [Auto Delivery] 产品信息 交易时间 立即 交易方式 自动发货 Platform Android Working on Android ,IOS Starter Account - Fast Delivery 1000+ Pack Hourglass 1000+ Wonder Hourglass 20+ Gold Nagget 1600+Cards maybe cards are not English but you still can use the Account in English Language and the cards will be English While you playing Please check the account notes carefully, the e-mail login website address is also in the notes. Nintendo (Email)Account----Password----Email password----Nickname----Date Full access Nintendo Account If you have any questions, please contact me! Once an account has been sent, it cannot be refunded 收回 verified_user 免费保险 14天 2 可用库存 remove add 总额 1.00 USD 立即购买 thumb_up 100.00% 已售出9 NourStore 用户等级 133 826 聊天 military_tech 99.88% 完单率 store 加入时间, 2018年2月16日 thumb_up 99.54% 全部评价 Uncommon Seller G2G是一个全面的游戏相关产品在线市场。我们致力于为游戏社区的利益创新。 © 2026 G2G.com 关于我们 服务条款 协议条款 隐私政策 帮助中心 日间模式",初始號；命中關鍵字：gold(+14)、poke gold(+10)、ur(+8)；價格便宜但內容偏基礎，適合初始開局,2026-04-02T17:04:29
Poke Gold*26+Pack hourglass*1100+Wonder hourglass*1500-[IOS/ANDROIND],媒体-01,1.0,32.0,1.6,33.6,22,初始號,https://www.g2g.com/categories/pokemon-tcg-pocket-accounts/offer/G1739403161843QC,USD,0.99,36,"Buy Poke Gold*26+Pack hourglass*1100+Wonder hourglass*1500-[IOS/ANDROIND] from andre12138 | g2g.com | Buy safe TW 成为卖家 登录 / 注册 首页 > 游戏账号 > Pokemon TCG Pocket Poke Gold*26+Pack hourglass*1100+Wonder hourglass*1500-[IOS/ANDROIND] 产品信息 交易时间 10分钟 Platform Android image 媒体-01 Account information: -Login method:Nintendo/Google -Platform: Android / IOS -------------------------------- If you need to specify cards please click on the media to view the image. -------------------------------- Security Guarantee Daily Login Fresh Account All resources,are legitimately obtained to eliminate getting banned All accounts are tutorial finished and login daily, GUARANTEED 100% safe &amp; legit. All Accounts are Legit rolled/No Interfering Game File. No Modded/Hacked/Duped Involved. 收回 verified_user 免费保险 14天 10 可用库存 remove add 总额 1.00 USD 立即购买 thumb_up 100.00% 已售出1 andre12138 用户等级 124 446 聊天 military_tech 99.55% 完单率 store 加入时间, 2020年5月24日 thumb_up 99.73% 全部评价 Rare Seller G2G是一个全面的游戏相关产品在线市场。我们致力于为游戏社区的利益创新。 © 2026 G2G.com 关于我们 服务条款 协议条款 隐私政策 帮助中心 日间模式",初始號；命中關鍵字：gold(+14)、poke gold(+10)、ur(+8)；價格便宜但內容偏基礎，適合初始開局,2026-04-02T17:04:29
XB-01[Global]Random Crown + Random Reality | 2400 Pack HG | 2000 Wonder HG | 35 Poke G | 1195 Draws | Banner×7 | Android&IOS,coinsgod,1.0,32.0,1.6,33.6,15,初始號,https://www.g2g.com/categories/pokemon-tcg-pocket-accounts/offer/G1744200136902CG,USD,0.99,24,"Buy XB-01[Global]Random Crown + Random Reality | 2400 Pack HG | 2000 Wonder HG | 35 Poke G | 1195 Draws | Banner×7 | Android&IOS from coinsgod | g2g.com | Buy safe TW 成为卖家 登录 / 注册 首页 > 游戏账号 > Pokemon TCG Pocket XB-01[Global]Random Crown + Random Reality | 2400 Pack HG | 2000 Wonder HG | 35 Poke G | 1195 Draws | Banner×7 | Android&IOS 产品信息 交易时间 10分钟 Platform Android XB-01[Global]Random Crown + Random Reality | 2400 Pack HG | 2000 Wonder HG | 35 Poke G | 1195 Draws | Banner×7 | Android&IOS verified_user 免费保险 14天 99.9k 可用库存 remove add 总额 1.00 USD 立即购买 thumb_up 100.00% 已售出50 coinsgod 用户等级 124 424 聊天 military_tech 99.71% 完单率 store 加入时间, 2022年11月4日 thumb_up 99.62% 全部评价 Epic Seller G2G是一个全面的游戏相关产品在线市场。我们致力于为游戏社区的利益创新。 © 2026 G2G.com 关于我们 服务条款 协议条款 隐私政策 帮助中心 日间模式",初始號；命中關鍵字：crown(+20)、pack(+4)；價格便宜但內容偏基礎，適合初始開局,2026-04-02T17:04:29
"[Global], 30 Gold, 1600 Opening Hourglass, 1500 Challenge Hourglass + Random AR Card",urjugg,5.0,160.0,8.0,168.0,53,中階帳號,https://www.g2g.com/categories/pokemon-tcg-pocket-accounts/offer/G1757044203853XV,USD,100.0,22,"Buy [Global], 30 Gold, 1600 Opening Hourglass, 1500 Challenge Hourglass + Random AR Card from urjugg | g2g.com | Buy safe TW 成为卖家 登录 / 注册 首页 > 游戏账号 > Pokemon TCG Pocket [Global], 30 Gold, 1600 Opening Hourglass, 1500 Challenge Hourglass + Random AR Card 产品信息 交易时间 立即 交易方式 自动发货 Platform Android [Global], 30 Gold, 1600 Opening Hourglass, 1500 Challenge Hourglass + Random AR Card Android and IOS all wroks verified_user 免费保险 14天 5 可用库存 remove add 单价 1.00 USD 总额 5.00 USD 立即购买 thumb_up 0.00% 已售出0 urjugg 用户等级 130 2.2k 聊天 military_tech 96.51% 完单率 store 加入时间, 2022年2月20日 thumb_up 97.94% 全部评价 Epic Seller G2G是一个全面的游戏相关产品在线市场。我们致力于为游戏社区的利益创新。 © 2026 G2G.com 关于我们 服务条款 协议条款 隐私政策 帮助中心 日间模式",中階帳號；命中關鍵字：gold(+14)、ur(+8)；綜合表現中等，建議比對賣家評價後再決定,2026-04-02T17:04:29
【Global】Crown Cards×1 | 40 Poké Gold | 2400+ Pack Hourglass | 1300+ Challenge Hourglass | Android&IOS[Auto Delivery],week1997,1.0,32.0,1.6,33.6,28,初始號,https://www.g2g.com/categories/pokemon-tcg-pocket-accounts/offer/G1758973256003VG,USD,0.99,46,"Buy 【Global】Crown Cards×1 | 40 Poké Gold | 2400+ Pack Hourglass | 1300+ Challenge Hourglass | Android&IOS[Auto Delivery] from week1997 | g2g.com | Buy safe TW 成为卖家 登录 / 注册 首页 > 游戏账号 > Pokemon TCG Pocket 【Global】Crown Cards×1 | 40 Poké Gold | 2400+ Pack Hourglass | 1300+ Challenge Hourglass | Android&IOS[Auto Delivery] 产品信息 交易时间 立即 交易方式 自动发货 Platform IOS 【Global】Crown Cards×1 | 40 Poké Gold | 2400+ Pack Hourglass | 1300+ Challenge Hourglass | Android&IOS[Auto Delivery] verified_user 免费保险 14天 15 可用库存 remove add 总额 1.00 USD 立即购买 thumb_up 100.00% 已售出144 week1997 用户等级 125 529 聊天 military_tech 100% 完单率 store 加入时间, 2024年11月5日 thumb_up 99.92% 全部评价 Legendary Seller G2G是一个全面的游戏相关产品在线市场。我们致力于为游戏社区的利益创新。 © 2026 G2G.com 关于我们 服务条款 协议条款 隐私政策 帮助中心 日间模式",初始號；命中關鍵字：crown(+20)、gold(+14)、ur(+8)；價格便宜但內容偏基礎，適合初始開局,2026-04-02T17:04:29
XB-01[Global]Random Crown + Random Reality | 2400 Pack HG | 2000 Wonder HG | 35 Poke G | 1195 Draws | Banner×7 | Android&IOS,coinsgod,1.0,32.0,1.6,33.6,17,初始號,https://www.g2g.com/categories/pokemon-tcg-pocket-accounts/offer/G1744200187927MK,USD,0.99,28,"Buy XB-01[Global]Random Crown + Random Reality | 2400 Pack HG | 2000 Wonder HG | 35 Poke G | 1195 Draws | Banner×7 | Android&IOS from coinsgod | g2g.com | Buy safe TW 成为卖家 登录 / 注册 首页 > 游戏账号 > Pokemon TCG Pocket XB-01[Global]Random Crown + Random Reality | 2400 Pack HG | 2000 Wonder HG | 35 Poke G | 1195 Draws | Banner×7 | Android&IOS 产品信息 交易时间 10分钟 Platform IOS XB-01[Global]Random Crown + Random Reality | 2400 Pack HG | 2000 Wonder HG | 35 Poke G | 1195 Draws | Banner×7 | Android&IOS The game language follows the phone settings, but the existing card language is Traditional Chinese (CHT). The new card language follows the phone settings and will not affect the game experience. 收回 verified_user 免费保险 14天 99.9k 可用库存 remove add 总额 1.00 USD 立即购买 thumb_up 100.00% 已售出22 coinsgod 用户等级 124 424 聊天 military_tech 99.71% 完单率 store 加入时间, 2022年11月4日 thumb_up 99.62% 全部评价 Epic Seller G2G是一个全面的游戏相关产品在线市场。我们致力于为游戏社区的利益创新。 © 2026 G2G.com 关于我们 服务条款 协议条款 隐私政策 帮助中心 日间模式",初始號；命中關鍵字：crown(+20)、ex(+4)、pack(+4)；價格便宜但內容偏基礎，適合初始開局,2026-04-02T17:04:29
Global ，Baoke Gold Brick x35 Open Bag Hourglass x2000 Challenge Hourglass x1700 Must Bring Random Crown Card+Random Reality,qixiawangluo,1.0,32.0,1.6,33.6,26,初始號,https://www.g2g.com/categories/pokemon-tcg-pocket-accounts/offer/G1763281848725II,USD,0.99,42,"Buy Global ，Baoke Gold Brick x35 Open Bag Hourglass x2000 Challenge Hourglass x1700 Must Bring Random Crown Card+Random Reality from qixiawangluo | g2g.com | Buy safe TW 成为卖家 登录 / 注册 首页 > 游戏账号 > Pokemon TCG Pocket Global ，Baoke Gold Brick x35 Open Bag Hourglass x2000 Challenge Hourglass x1700 Must Bring Random Crown Card+Random Reality 产品信息 交易时间 立即 交易方式 自动发货 Platform Android Global ，Baoke Gold Brick x35 Open Bag Hourglass x2000 Challenge Hourglass x1700 Must Bring Random Crown Card+Random Reality verified_user 免费保险 14天 7 可用库存 remove add 总额 1.00 USD 立即购买 thumb_up 100.00% 已售出11 qixiawangluo 用户等级 92 32 聊天 military_tech 100% 完单率 store 加入时间, 2025年6月22日 thumb_up 99.78% 全部评价 Uncommon Seller G2G是一个全面的游戏相关产品在线市场。我们致力于为游戏社区的利益创新。 © 2026 G2G.com 关于我们 服务条款 协议条款 隐私政策 帮助中心 日间模式",初始號；命中關鍵字：crown(+20)、gold(+14)、ur(+8)；價格便宜但內容偏基礎，適合初始開局,2026-04-02T17:04:29
Global | 17 Poke Gold | 800+ Pack Hourglass | 1000+ Wonder Hourglass | Random Reality Card,LootKings,1.0,32.0,1.6,33.6,22,初始號,https://www.g2g.com/categories/pokemon-tcg-pocket-accounts/offer/G1768574725261KR,USD,0.99,36,"Buy Global | 17 Poke Gold | 800+ Pack Hourglass | 1000+ Wonder Hourglass | Random Reality Card from LootKings | g2g.com | Buy safe TW 成为卖家 登录 / 注册 首页 > 游戏账号 > Pokemon TCG Pocket Global | 17 Poke Gold | 800+ Pack Hourglass | 1000+ Wonder Hourglass | Random Reality Card 产品信息 交易时间 立即 交易方式 自动发货 Platform Android Global | 17 Poke Gold | 800+ Pack Hourglass | 1000+ Wonder Hourglass | Random Reality Card verified_user 免费保险 14天 1 可用库存 remove add 总额 1.00 USD 立即购买 thumb_up 0.00% 已售出0 LootKings 用户等级 123 233 聊天 military_tech 99.54% 完单率 store 加入时间, 2023年1月15日 thumb_up 99.29% 全部评价 Legendary Seller G2G是一个全面的游戏相关产品在线市场。我们致力于为游戏社区的利益创新。 © 2026 G2G.com 关于我们 服务条款 协议条款 隐私政策 帮助中心 日间模式",初始號；命中關鍵字：gold(+14)、poke gold(+10)、ur(+8)；價格便宜但內容偏基礎，適合初始開局,2026-04-02T17:04:29
Global | 17 Poke Gold | 1100+ Pack Hourglass | 1500+ Wonder Hourglass | Random Reality Card & Random Crown Cards,LootKings,1.0,32.0,1.6,33.6,34,初始號,https://www.g2g.com/categories/pokemon-tcg-pocket-accounts/offer/G1768575516122IU,USD,0.99,56,"Buy Global | 17 Poke Gold | 1100+ Pack Hourglass | 1500+ Wonder Hourglass | Random Reality Card & Random Crown Cards from LootKings | g2g.com | Buy safe TW 成为卖家 登录 / 注册 首页 > 游戏账号 > Pokemon TCG Pocket Global | 17 Poke Gold | 1100+ Pack Hourglass | 1500+ Wonder Hourglass | Random Reality Card & Random Crown Cards 产品信息 交易时间 10分钟 Platform Android Global | 17 Poke Gold | 1100+ Pack Hourglass | 1500+ Wonder Hourglass | Random Reality Card & Random Crown Cards verified_user 免费保险 14天 100 可用库存 remove add 总额 1.00 USD 立即购买 thumb_up 100.00% 已售出1 LootKings 用户等级 123 233 聊天 military_tech 99.54% 完单率 store 加入时间, 2023年1月15日 thumb_up 99.29% 全部评价 Legendary Seller G2G是一个全面的游戏相关产品在线市场。我们致力于为游戏社区的利益创新。 © 2026 G2G.com 关于我们 服务条款 协议条款 隐私政策 帮助中心 日间模式",初始號；命中關鍵字：crown(+20)、gold(+14)、poke gold(+10)；價格便宜但內容偏基礎，適合初始開局,2026-04-02T17:04:29
Global | 26 Poke Gold | 1300+ Pack Hourglass | 1500+ Wonder Hourglass | Random Reality Card & Crown Cards 2x,LootKings,1.0,32.0,1.6,33.6,34,初始號,https://www.g2g.com/categories/pokemon-tcg-pocket-accounts/offer/G1768633953956XU,USD,0.99,56,"Buy Global | 26 Poke Gold | 1300+ Pack Hourglass | 1500+ Wonder Hourglass | Random Reality Card & Crown Cards 2x from LootKings | g2g.com | Buy safe TW 成为卖家 登录 / 注册 首页 > 游戏账号 > Pokemon TCG Pocket Global | 26 Poke Gold | 1300+ Pack Hourglass | 1500+ Wonder Hourglass | Random Reality Card & Crown Cards 2x 产品信息 交易时间 10分钟 Platform Android Global | 26 Poke Gold | 1300+ Pack Hourglass | 1500+ Wonder Hourglass | Random Reality Card & Crown Cards 2x verified_user 免费保险 14天 100 可用库存 remove add 总额 1.00 USD 立即购买 thumb_up 0.00% 已售出0 LootKings 用户等级 123 233 聊天 military_tech 99.54% 完单率 store 加入时间, 2023年1月15日 thumb_up 99.29% 全部评价 Legendary Seller G2G是一个全面的游戏相关产品在线市场。我们致力于为游戏社区的利益创新。 © 2026 G2G.com 关于我们 服务条款 协议条款 隐私政策 帮助中心 日间模式",初始號；命中關鍵字：crown(+20)、gold(+14)、poke gold(+10)；價格便宜但內容偏基礎，適合初始開局,2026-04-02T17:04:29
Global | 17 Poke Gold | 800+ Pack Hourglass | 1000+ Wonder Hourglass | Random Reality Card,LootKings,1.0,32.0,1.6,33.6,22,初始號,https://www.g2g.com/categories/pokemon-tcg-pocket-accounts/offer/G1768634085693LW,USD,0.99,36,"Buy Global | 17 Poke Gold | 800+ Pack Hourglass | 1000+ Wonder Hourglass | Random Reality Card from LootKings | g2g.com | Buy safe TW 成为卖家 登录 / 注册 首页 > 游戏账号 > Pokemon TCG Pocket Global | 17 Poke Gold | 800+ Pack Hourglass | 1000+ Wonder Hourglass | Random Reality Card 产品信息 交易时间 10分钟 Platform Android Global | 17 Poke Gold | 800+ Pack Hourglass | 1000+ Wonder Hourglass | Random Reality Card verified_user 免费保险 14天 100 可用库存 remove add 总额 1.00 USD 立即购买 thumb_up 0.00% 已售出0 LootKings 用户等级 123 233 聊天 military_tech 99.54% 完单率 store 加入时间, 2023年1月15日 thumb_up 99.29% 全部评价 Legendary Seller G2G是一个全面的游戏相关产品在线市场。我们致力于为游戏社区的利益创新。 © 2026 G2G.com 关于我们 服务条款 协议条款 隐私政策 帮助中心 日间模式",初始號；命中關鍵字：gold(+14)、poke gold(+10)、ur(+8)；價格便宜但內容偏基礎，適合初始開局,2026-04-02T17:04:29
Global | 26 Poke Gold | 1100+ Pack Hourglass | 1500+ Wonder Hourglass | Random Reality Card & Random Crown Cards,LootKings,1.0,32.0,1.6,33.6,34,初始號,https://www.g2g.com/categories/pokemon-tcg-pocket-accounts/offer/G1768634046598ME,USD,0.99,56,"Buy Global | 26 Poke Gold | 1100+ Pack Hourglass | 1500+ Wonder Hourglass | Random Reality Card & Random Crown Cards from LootKings | g2g.com | Buy safe TW 成为卖家 登录 / 注册 首页 > 游戏账号 > Pokemon TCG Pocket Global | 26 Poke Gold | 1100+ Pack Hourglass | 1500+ Wonder Hourglass | Random Reality Card & Random Crown Cards 产品信息 交易时间 10分钟 Platform Android Global | 26 Poke Gold | 1100+ Pack Hourglass | 1500+ Wonder Hourglass | Random Reality Card & Random Crown Cards verified_user 免费保险 14天 100 可用库存 remove add 总额 1.00 USD 立即购买 thumb_up 0.00% 已售出0 LootKings 用户等级 123 233 聊天 military_tech 99.54% 完单率 store 加入时间, 2023年1月15日 thumb_up 99.29% 全部评价 Legendary Seller G2G是一个全面的游戏相关产品在线市场。我们致力于为游戏社区的利益创新。 © 2026 G2G.com 关于我们 服务条款 协议条款 隐私政策 帮助中心 日间模式",初始號；命中關鍵字：crown(+20)、gold(+14)、poke gold(+10)；價格便宜但內容偏基礎，適合初始開局,2026-04-02T17:04:29
"[Global] 40+Pok é mon, Random Crown x 1, Open Hourglass 2400, Challenge Hourglass 1300, Shop Roll 700+",qixiawangluo,1.0,32.0,1.6,33.6,17,初始號,https://www.g2g.com/categories/pokemon-tcg-pocket-accounts/offer/G1768634288772AZ,USD,0.99,28,"Buy [Global] 40+Pok é mon, Random Crown x 1, Open Hourglass 2400, Challenge Hourglass 1300, Shop Roll 700+ from qixiawangluo | g2g.com | Buy safe TW 成为卖家 登录 / 注册 首页 > 游戏账号 > Pokemon TCG Pocket [Global] 40+Pok é mon, Random Crown x 1, Open Hourglass 2400, Challenge Hourglass 1300, Shop Roll 700+ 产品信息 交易时间 立即 交易方式 自动发货 Platform Android [Global] 40+Pok é mon, Random Crown x 1, Open Hourglass 2400, Challenge Hourglass 1300, Shop Roll 700+ verified_user 免费保险 14天 1 可用库存 remove add 总额 1.00 USD 立即购买 thumb_up 100.00% 已售出28 qixiawangluo 用户等级 92 32 聊天 military_tech 100% 完单率 store 加入时间, 2025年6月22日 thumb_up 99.78% 全部评价 Uncommon Seller G2G是一个全面的游戏相关产品在线市场。我们致力于为游戏社区的利益创新。 © 2026 G2G.com 关于我们 服务条款 协议条款 隐私政策 帮助中心 日间模式",初始號；命中關鍵字：crown(+20)、ur(+8)；價格便宜但內容偏基礎，適合初始開局,2026-04-02T17:04:29
【Global】Crown Cardsx1 | 40 Poké Gold | 2400+ Pack Hourglass | 1300+ Challenge Hourglass | Android&IOS,pingpingShop,1.01,32.32,1.62,33.94,28,初始號,https://www.g2g.com/categories/pokemon-tcg-pocket-accounts/offer/G1773652919357HD,USD,1.24,46,"Buy 【Global】Crown Cardsx1 | 40 Poké Gold | 2400+ Pack Hourglass | 1300+ Challenge Hourglass | Android&IOS from pingpingShop | g2g.com | Buy safe TW 成为卖家 登录 / 注册 首页 > 游戏账号 > Pokemon TCG Pocket 【Global】Crown Cardsx1 | 40 Poké Gold | 2400+ Pack Hourglass | 1300+ Challenge Hourglass | Android&IOS 产品信息 交易时间 10分钟 Platform Android 【Global】Crown Cardsx1 | 40 Poké Gold | 2400+ Pack Hourglass | 1300+ Challenge Hourglass | Android&IOS verified_user 免费保险 14天 999 可用库存 remove add 总额 1.01 USD 立即购买 thumb_up 0.00% 已售出0 p pingpingShop 用户等级 3 0 聊天 military_tech 100% 完单率 store 加入时间, 2026年2月24日 thumb_up 100% 全部评价 Normal Seller G2G是一个全面的游戏相关产品在线市场。我们致力于为游戏社区的利益创新。 © 2026 G2G.com 关于我们 服务条款 协议条款 隐私政策 帮助中心 日间模式",初始號；命中關鍵字：crown(+20)、gold(+14)、ur(+8)；價格便宜但內容偏基礎，適合初始開局,2026-04-02T17:04:29
【Global】Crown Cards×1 | 40 Poké Gold | 2400+ Pack Hourglass | 1300+ Challenge Hourglass | Android&IOS,pingpingShop,1.01,32.32,1.62,33.94,28,初始號,https://www.g2g.com/categories/pokemon-tcg-pocket-accounts/offer/G1773653230717SZ,USD,1.24,46,"Buy 【Global】Crown Cards×1 | 40 Poké Gold | 2400+ Pack Hourglass | 1300+ Challenge Hourglass | Android&IOS from pingpingShop | g2g.com | Buy safe TW 成为卖家 登录 / 注册 首页 > 游戏账号 > Pokemon TCG Pocket 【Global】Crown Cards×1 | 40 Poké Gold | 2400+ Pack Hourglass | 1300+ Challenge Hourglass | Android&IOS 产品信息 交易时间 10分钟 Platform IOS 【Global】Crown Cards×1 | 40 Poké Gold | 2400+ Pack Hourglass | 1300+ Challenge Hourglass | Android&IOS verified_user 免费保险 14天 997 可用库存 remove add 总额 1.01 USD 立即购买 thumb_up 100.00% 已售出2 p pingpingShop 用户等级 3 0 聊天 military_tech 100% 完单率 store 加入时间, 2026年2月24日 thumb_up 100% 全部评价 Normal Seller G2G是一个全面的游戏相关产品在线市场。我们致力于为游戏社区的利益创新。 © 2026 G2G.com 关于我们 服务条款 协议条款 隐私政策 帮助中心 日间模式",初始號；命中關鍵字：crown(+20)、gold(+14)、ur(+8)；價格便宜但內容偏基礎，適合初始開局,2026-04-02T17:04:29
Starter Account,1,1.0,32.0,1.6,33.6,22,初始號,https://www.g2g.com/categories/pokemon-tcg-pocket-accounts/offer/G1771253870016UF,USD,0.99,36,"Buy Starter Account from kirinkaii | g2g.com | Buy safe TW 成为卖家 登录 / 注册 首页 > 游戏账号 > Pokemon TCG Pocket Starter Account 产品信息 交易时间 立即 交易方式 自动发货 Platform Android image 1 image 2 Account Details: 1 Non-paid Poke Gold 48+ Pack Hourglass 13 Wonder Hourglass 1 Rewind Watch For more information or a proof for the account, you can chat me :) 收回 verified_user 免费保险 14天 2 可用库存 remove add 总额 1.00 USD 立即购买 thumb_up 0.00% 已售出0 kirinkaii 用户等级 2 0 聊天 military_tech 100% 完单率 store 加入时间, 2021年6月11日 thumb_up 100% 全部评价 Normal Seller G2G是一个全面的游戏相关产品在线市场。我们致力于为游戏社区的利益创新。 © 2026 G2G.com 关于我们 服务条款 协议条款 隐私政策 帮助中心 日间模式",初始號；命中關鍵字：gold(+14)、poke gold(+10)、ur(+8)；價格便宜但內容偏基礎，適合初始開局,2026-04-02T17:04:29
Global\Draws 1195\Poké Gold 35\Pack Hourglass2400\Wonder Hourglass2000\ Random Crown *1+ Random Immersive*1\Email Acc,save_yf,1.01,32.32,1.62,33.94,36,初始號,https://www.g2g.com/categories/pokemon-tcg-pocket-accounts/offer/G1774800086521OD,USD,1.24,60,"Buy Global\Draws 1195\Poké Gold 35\Pack Hourglass2400\Wonder Hourglass2000\ Random Crown *1+ Random Immersive*1\Email Acc from save_yf | g2g.com | Buy safe TW 成为卖家 登录 / 注册 首页 > 游戏账号 > Pokemon TCG Pocket Global\Draws 1195\Poké Gold 35\Pack Hourglass2400\Wonder Hourglass2000\ Random Crown *1+ Random Immersive*1\Email Acc 产品信息 交易时间 10分钟 Platform Android [Global]|Draws 1195|Poké Gold 35|Pack Hourglass2400|Wonder Hourglass2000| Random Crown *1+ Random Immersive*1|Email Acc If you originally had an account logged in, please uninstall the game and reinstall it and then log in with the new account. verified_user 免费保险 14天 10 可用库存 remove add 总额 1.01 USD 立即购买 thumb_up 0.00% 已售出0 s save_yf 用户等级 3 0 聊天 military_tech 100% 完单率 store 加入时间, 2026年3月10日 thumb_up 100% 全部评价 Normal Seller G2G是一个全面的游戏相关产品在线市场。我们致力于为游戏社区的利益创新。 © 2026 G2G.com 关于我们 服务条款 协议条款 隐私政策 帮助中心 日间模式",初始號；命中關鍵字：crown(+20)、gold(+14)、immersive(+14)；價格便宜但內容偏基礎，適合初始開局,2026-04-02T17:04:29
[Global] 11x Poké Gold | 500 Pack Hourglass | 500 Challenge Hourglass | Full Access | Android / IOS | Pokemon TCG Pocket,dragonsong,1.02,32.64,1.63,34.27,16,初始號,https://www.g2g.com/categories/pokemon-tcg-pocket-accounts/offer/G1731023744377IP,USD,1.49,26,"Buy [Global] 11x Poké Gold | 500 Pack Hourglass | 500 Challenge Hourglass | Full Access | Android / IOS | Pokemon TCG Pocket from dragonsong | g2g.com | Buy safe TW 成为卖家 登录 / 注册 首页 > 游戏账号 > Pokemon TCG Pocket [Global] 11x Poké Gold | 500 Pack Hourglass | 500 Challenge Hourglass | Full Access | Android / IOS | Pokemon TCG Pocket 产品信息 交易时间 12小时 Platform Android Fast verified_user 免费保险 14天 9.9k 可用库存 remove add 总额 1.02 USD 立即购买 thumb_up 0.00% 已售出1 dragonsong 用户等级 146 16.9k 聊天 military_tech 94.33% 完单率 store 加入时间, 2016年10月14日 thumb_up 97.6% 全部评价 Rare Seller G2G是一个全面的游戏相关产品在线市场。我们致力于为游戏社区的利益创新。 © 2026 G2G.com 关于我们 服务条款 协议条款 隐私政策 帮助中心 日间模式",初始號；命中關鍵字：gold(+14)、ur(+8)、pack(+4)；價格便宜但內容偏基礎，適合初始開局,2026-04-02T17:04:29
[Global] 11x Poké Gold | 500 Pack Hourglass | 500 Challenge Hourglass | Full Access | Android / IOS | Pokemon TCG Pocket,dragonsong,1.02,32.64,1.63,34.27,16,初始號,https://www.g2g.com/categories/pokemon-tcg-pocket-accounts/offer/G1731023781343UZ,USD,1.49,26,"Buy [Global] 11x Poké Gold | 500 Pack Hourglass | 500 Challenge Hourglass | Full Access | Android / IOS | Pokemon TCG Pocket from dragonsong | g2g.com | Buy safe TW 成为卖家 登录 / 注册 首页 > 游戏账号 > Pokemon TCG Pocket [Global] 11x Poké Gold | 500 Pack Hourglass | 500 Challenge Hourglass | Full Access | Android / IOS | Pokemon TCG Pocket 产品信息 交易时间 9小时 Platform IOS Fast verified_user 免费保险 14天 9.9k 可用库存 remove add 总额 1.02 USD 立即购买 thumb_up 0.00% 已售出0 dragonsong 用户等级 146 16.9k 聊天 military_tech 94.33% 完单率 store 加入时间, 2016年10月14日 thumb_up 97.6% 全部评价 Rare Seller G2G是一个全面的游戏相关产品在线市场。我们致力于为游戏社区的利益创新。 © 2026 G2G.com 关于我们 服务条款 协议条款 隐私政策 帮助中心 日间模式",初始號；命中關鍵字：gold(+14)、ur(+8)、pack(+4)；價格便宜但內容偏基礎，適合初始開局,2026-04-02T17:04:29
[Global] [17 Baoke Gold Brick，800 Open Bag Hourglass，1000 Challenge Hourglass] Must bring a random real mirror,qixiawangluo,1.03,32.96,1.65,34.61,14,初始號,https://www.g2g.com/categories/pokemon-tcg-pocket-accounts/offer/G1763281716371DD,USD,1.73,22,"Buy [Global] [17 Baoke Gold Brick，800 Open Bag Hourglass，1000 Challenge Hourglass] Must bring a random real mirror from qixiawangluo | g2g.com | Buy safe TW 成为卖家 登录 / 注册 首页 > 游戏账号 > Pokemon TCG Pocket [Global] [17 Baoke Gold Brick，800 Open Bag Hourglass，1000 Challenge Hourglass] Must bring a random real mirror 产品信息 交易时间 立即 交易方式 自动发货 Platform Android [Global] [17 Baoke Gold Brick，800 Open Bag Hourglass，1000 Challenge Hourglass] Must bring a random real mirror Android, IOS verified_user 免费保险 14天 10 可用库存 remove add 总额 1.03 USD 立即购买 thumb_up 100.00% 已售出2 qixiawangluo 用户等级 92 32 聊天 military_tech 100% 完单率 store 加入时间, 2025年6月22日 thumb_up 99.78% 全部评价 Uncommon Seller G2G是一个全面的游戏相关产品在线市场。我们致力于为游戏社区的利益创新。 © 2026 G2G.com 关于我们 服务条款 协议条款 隐私政策 帮助中心 日间模式",初始號；命中關鍵字：gold(+14)、ur(+8)；價格便宜但內容偏基礎，適合初始開局,2026-04-02T17:04:29
[Instant] [Global] 20x Poke Gold | 930x Pack Hourglass | 1000x Challenge Hourglass | Starter Account | Works for Android and IOS,dragonsong,1.02,32.64,1.63,34.27,22,初始號,https://www.g2g.com/categories/pokemon-tcg-pocket-accounts/offer/G1734511838262KV,USD,1.49,36,"Buy [Instant] [Global] 20x Poke Gold | 930x Pack Hourglass | 1000x Challenge Hourglass | Starter Account | Works for Android and IOS from dragonsong | g2g.com | Buy safe TW 成为卖家 登录 / 注册 首页 > 游戏账号 > Pokemon TCG Pocket [Instant] [Global] 20x Poke Gold | 930x Pack Hourglass | 1000x Challenge Hourglass | Starter Account | Works for Android and IOS 产品信息 交易时间 立即 交易方式 自动发货 Platform Android Instant Delivery verified_user 免费保险 14天 1 可用库存 remove add 总额 1.02 USD 立即购买 thumb_up 0.00% 已售出13 dragonsong 用户等级 146 16.9k 聊天 military_tech 94.33% 完单率 store 加入时间, 2016年10月14日 thumb_up 97.6% 全部评价 Rare Seller G2G是一个全面的游戏相关产品在线市场。我们致力于为游戏社区的利益创新。 © 2026 G2G.com 关于我们 服务条款 协议条款 隐私政策 帮助中心 日间模式",初始號；命中關鍵字：gold(+14)、poke gold(+10)、ur(+8)；價格便宜但內容偏基礎，適合初始開局,2026-04-02T17:04:29
Global Baoke Gold Brick x35 Open Bag Hourglass x2000 Challenge Hourglass x1700 Must Bring Random Crown Card+Random Reality,qixiawangluo,1.03,32.96,1.65,34.61,26,初始號,https://www.g2g.com/categories/pokemon-tcg-pocket-accounts/offer/G1765264444133PV,USD,1.73,42,"Buy Global Baoke Gold Brick x35 Open Bag Hourglass x2000 Challenge Hourglass x1700 Must Bring Random Crown Card+Random Reality from qixiawangluo | g2g.com | Buy safe TW 成为卖家 登录 / 注册 首页 > 游戏账号 > Pokemon TCG Pocket Global Baoke Gold Brick x35 Open Bag Hourglass x2000 Challenge Hourglass x1700 Must Bring Random Crown Card+Random Reality 产品信息 交易时间 立即 交易方式 自动发货 Platform Android Global Baoke Gold Brick x35 Open Bag Hourglass x2000 Challenge Hourglass x1700 Must Bring Random Crown Card+Random Reality verified_user 免费保险 14天 2 可用库存 remove add 总额 1.03 USD 立即购买 thumb_up 100.00% 已售出9 qixiawangluo 用户等级 92 32 聊天 military_tech 100% 完单率 store 加入时间, 2025年6月22日 thumb_up 99.78% 全部评价 Uncommon Seller G2G是一个全面的游戏相关产品在线市场。我们致力于为游戏社区的利益创新。 © 2026 G2G.com 关于我们 服务条款 协议条款 隐私政策 帮助中心 日间模式",初始號；命中關鍵字：crown(+20)、gold(+14)、ur(+8)；價格便宜但內容偏基礎，適合初始開局,2026-04-02T17:04:29
[CHT] 500 pulls / 800 pack opening hourglasses / 890 challenge hourglasses / 300 shop vouchers / 24 Pokémon gold bricks /,Freesinging,1.03,32.96,1.65,34.61,16,初始號,https://www.g2g.com/categories/pokemon-tcg-pocket-accounts/offer/G1765699934981DK,USD,1.73,26,"Buy [CHT] 500 pulls / 800 pack opening hourglasses / 890 challenge hourglasses / 300 shop vouchers / 24 Pokémon gold bricks / from Freesinging | g2g.com | Buy safe TW 成为卖家 登录 / 注册 首页 > 游戏账号 > Pokemon TCG Pocket [CHT] 500 pulls / 800 pack opening hourglasses / 890 challenge hourglasses / 300 shop vouchers / 24 Pokémon gold bricks / 产品信息 交易时间 立即 交易方式 自动发货 Platform Android [CHT] 500 pulls / 800 pack opening hourglasses / 890 challenge hourglasses / 300 shop vouchers / 24 Pokémon gold bricks / Android & iOS verified_user 免费保险 14天 100 可用库存 remove add 总额 1.03 USD 立即购买 thumb_up 100.00% 已售出1 Freesinging 用户等级 105 116 聊天 military_tech 99.67% 完单率 store 加入时间, 2025年2月20日 thumb_up 98.72% 全部评价 Rare Seller G2G是一个全面的游戏相关产品在线市场。我们致力于为游戏社区的利益创新。 © 2026 G2G.com 关于我们 服务条款 协议条款 隐私政策 帮助中心 日间模式",初始號；命中關鍵字：gold(+14)、ur(+8)、pack(+4)；價格便宜但內容偏基礎，適合初始開局,2026-04-02T17:04:29
☆ Global | Random 1 Crown + 1100 Pack Hourglass + 1500 Wonder Hourglass + 26 Poke Gold | DM for Starter Catalog,RikkaStore,1.03,32.96,1.65,34.61,48,中階帳號,https://www.g2g.com/categories/pokemon-tcg-pocket-accounts/offer/G1767250510634XT,USD,1.73,79,"Buy ☆ Global | Random 1 Crown + 1100 Pack Hourglass + 1500 Wonder Hourglass + 26 Poke Gold | DM for Starter Catalog from RikkaStore | g2g.com | Buy safe TW 成为卖家 登录 / 注册 首页 > 游戏账号 > Pokemon TCG Pocket ☆ Global | Random 1 Crown + 1100 Pack Hourglass + 1500 Wonder Hourglass + 26 Poke Gold | DM for Starter Catalog 产品信息 交易时间 10分钟 Platform Android ☆ Global | Random 1 Crown + 1100 Pack Hourglass + 1500 Wonder Hourglass + 26 Poke Gold | DM for Starter Catalog Server : Global (can be played from anywhere) Card Language English/Chinese/Japanese/Korean (look at the TITLE) Login : Nitendo Transfer Data Bind : Nitendo Platform : Android and IOS Crown : Choose any (Pikachu, Charizard, Dialga, Mew, Mewtwo, Pokeball, Arceus) 3* Ex : Choose any (Charizard, Pikachu, Mewtwo, Celebi, Palkia, Dialga, Arceus, Giratina, Guzma, Lillie, Buzzwole, Eevee) NOTE : ONLY FOR ""ANY CROWN"" IN TITLE To confirm the availability of Stock, Please Message Me First! If you want to Request Any Support Card & Uma, Kindly DM me for catalog Link~~ Image does not represent 100% of the account inside ^^ Delivery time 1 Min - 20 Min (if delayed might be because im sleeping or in class) Maximum Delivery time is 23 Hours after order Active Hours UTC+7 | 7:00 AM - 1:00 AM Happy Shopping! 收回 verified_user 免费保险 14天 10 可用库存 remove add 总额 1.03 USD 立即购买 thumb_up 0.00% 已售出0 RikkaStore 用户等级 100 141 聊天 military_tech 99.93% 完单率 store 加入时间, 2025年6月30日 thumb_up 99.86% 全部评价 Uncommon Seller G2G是一个全面的游戏相关产品在线市场。我们致力于为游戏社区的利益创新。 © 2026 G2G.com 关于我们 服务条款 协议条款 隐私政策 帮助中心 日间模式",中階帳號；命中關鍵字：crown(+20)、gold(+14)、poke gold(+10)；綜合表現中等，建議比對賣家評價後再決定,2026-04-02T17:04:29
(Global) 1195 lottery includes: 35 Pokémon Diamonds + 2400 Hourglasses from packs + 2000 Challenge Hourglasses | Random Crown Ca,AliceGame,1.03,32.96,1.65,34.61,20,初始號,https://www.g2g.com/categories/pokemon-tcg-pocket-accounts/offer/G1772756798111HH,USD,1.73,32,"Buy (Global) 1195 lottery includes: 35 Pokémon Diamonds + 2400 Hourglasses from packs + 2000 Challenge Hourglasses | Random Crown Ca from AliceGame | g2g.com | Buy safe TW 成为卖家 登录 / 注册 首页 > 游戏账号 > Pokemon TCG Pocket (Global) 1195 lottery includes: 35 Pokémon Diamonds + 2400 Hourglasses from packs + 2000 Challenge Hourglasses | Random Crown Ca 产品信息 交易时间 10分钟 Platform IOS (Global) 1195 lottery includes: 35 Pokémon Diamonds + 2400 Hourglasses from packs + 2000 Challenge Hourglasses | Random Crown Card | Random True Mirror | Challenge Card Rewards: Random for 7 periods verified_user 免费保险 14天 9.9k 可用库存 remove add 总额 1.03 USD 立即购买 thumb_up 100.00% 已售出2 AliceGame 用户等级 123 390 聊天 military_tech 100% 完单率 store 加入时间, 2023年12月4日 thumb_up 99.71% 全部评价 Epic Seller G2G是一个全面的游戏相关产品在线市场。我们致力于为游戏社区的利益创新。 © 2026 G2G.com 关于我们 服务条款 协议条款 隐私政策 帮助中心 日间模式",初始號；命中關鍵字：crown(+20)、ur(+8)、pack(+4)；價格便宜但內容偏基礎，適合初始開局,2026-04-02T17:04:29
(Global) 1195 lottery includes: 35 Pokémon Diamonds + 2400 Hourglasses from packs + 2000 Challenge Hourglasses | Random Crown Ca,AliceGame,1.03,32.96,1.65,34.61,20,初始號,https://www.g2g.com/categories/pokemon-tcg-pocket-accounts/offer/G1772756779164CT,USD,1.73,32,"Buy (Global) 1195 lottery includes: 35 Pokémon Diamonds + 2400 Hourglasses from packs + 2000 Challenge Hourglasses | Random Crown Ca from AliceGame | g2g.com | Buy safe TW 成为卖家 登录 / 注册 首页 > 游戏账号 > Pokemon TCG Pocket (Global) 1195 lottery includes: 35 Pokémon Diamonds + 2400 Hourglasses from packs + 2000 Challenge Hourglasses | Random Crown Ca 产品信息 交易时间 10分钟 Platform Android (Global) 1195 lottery includes: 35 Pokémon Diamonds + 2400 Hourglasses from packs + 2000 Challenge Hourglasses | Random Crown Card | Random True Mirror | Challenge Card Rewards: Random for 7 periods verified_user 免费保险 14天 9.9k 可用库存 remove add 总额 1.03 USD 立即购买 thumb_up 0.00% 已售出0 AliceGame 用户等级 123 390 聊天 military_tech 100% 完单率 store 加入时间, 2023年12月4日 thumb_up 99.71% 全部评价 Epic Seller G2G是一个全面的游戏相关产品在线市场。我们致力于为游戏社区的利益创新。 © 2026 G2G.com 关于我们 服务条款 协议条款 隐私政策 帮助中心 日间模式",初始號；命中關鍵字：crown(+20)、ur(+8)、pack(+4)；價格便宜但內容偏基礎，適合初始開局,2026-04-02T17:04:29
(Global)/Draws 1195/Poké Gold 35/Pack Hourglass2400/Wonder Hourglass2000/ Random Crown *1+ Random Immersive*1/Email Acc,PGameN,1.24,39.68,1.98,41.66,39,初始號,https://www.g2g.com/categories/pokemon-tcg-pocket-accounts/offer/G1774974904146IT,USD,6.93,60,"Buy (Global)/Draws 1195/Poké Gold 35/Pack Hourglass2400/Wonder Hourglass2000/ Random Crown *1+ Random Immersive*1/Email Acc from PGameN | g2g.com | Buy safe TW 成为卖家 登录 / 注册 首页 > 游戏账号 > Pokemon TCG Pocket (Global)/Draws 1195/Poké Gold 35/Pack Hourglass2400/Wonder Hourglass2000/ Random Crown *1+ Random Immersive*1/Email Acc 产品信息 交易时间 10分钟 Platform Android [Global]|Draws 1195|Poké Gold 35|Pack Hourglass2400|Wonder Hourglass2000| Random Crown *1+ Random Immersive*1|Email Acc If you originally had an account logged in, please uninstall the game and reinstall it and then log in with the new account. verified_user 免费保险 14天 10 可用库存 remove add 总额 1.24 USD 立即购买 thumb_up 0.00% 已售出0 PGameN 用户等级 65 7 聊天 military_tech 100% 完单率 store 加入时间, 2025年5月11日 thumb_up 100% 全部评价 Common Seller G2G是一个全面的游戏相关产品在线市场。我们致力于为游戏社区的利益创新。 © 2026 G2G.com 关于我们 服务条款 协议条款 隐私政策 帮助中心 日间模式",初始號；命中關鍵字：crown(+20)、gold(+14)、immersive(+14)；綜合表現中等，建議比對賣家評價後再決定,2026-04-02T17:04:29
"Android/Ios Starter Mewtwo, Ex Articuno Unlink",pict,1.21,38.72,1.94,40.66,8,初始號,https://www.g2g.com/categories/pokemon-tcg-pocket-accounts/offer/G1730445316230EV,USD,6.19,10,"Buy Android/Ios Starter Mewtwo, Ex Articuno Unlink from FOREANT | g2g.com | Buy safe TW 成为卖家 登录 / 注册 首页 > 游戏账号 > Pokemon TCG Pocket Android/Ios Starter Mewtwo, Ex Articuno Unlink 产品信息 交易时间 1小时 Platform Android image pict Platform Android / Ios Level 4 log guest / unlink f2p (never top up) 收回 verified_user 免费保险 14天 1 可用库存 remove add 总额 1.21 USD 立即购买 thumb_up 0.00% 已售出0 FOREANT 用户等级 84 12 聊天 military_tech 100% 完单率 store 加入时间, 2022年8月18日 thumb_up 100% 全部评价 Common Seller G2G是一个全面的游戏相关产品在线市场。我们致力于为游戏社区的利益创新。 © 2026 G2G.com 关于我们 服务条款 协议条款 隐私政策 帮助中心 日间模式",初始號；命中關鍵字：mewtwo(+6)、ex(+4)；綜合表現中等，建議比對賣家評價後再決定,2026-04-02T17:04:29
【Global】Crown Cards×1 | 35 Gold | 2000 Pack Hourglass | 1700+ Challenge Hourglass | Android&IOS[Auto Delivery],Lightning02,1.25,40.0,2.0,42.0,30,初始號,https://www.g2g.com/categories/pokemon-tcg-pocket-accounts/offer/G1766701813203OY,USD,7.18,46,"Buy 【Global】Crown Cards×1 | 35 Gold | 2000 Pack Hourglass | 1700+ Challenge Hourglass | Android&IOS[Auto Delivery] from Lightning02 | g2g.com | Buy safe TW 成为卖家 登录 / 注册 首页 > 游戏账号 > Pokemon TCG Pocket 【Global】Crown Cards×1 | 35 Gold | 2000 Pack Hourglass | 1700+ Challenge Hourglass | Android&IOS[Auto Delivery] 产品信息 交易时间 10分钟 Platform Android 【Global】Crown Cards×1 | 35 Gold | 2000 Pack Hourglass | 1700+ Challenge Hourglass | Android&IOS[Auto Delivery] verified_user 免费保险 14天 989 可用库存 remove add 总额 1.25 USD 立即购买 thumb_up 100.00% 已售出4 Lightning02 用户等级 125 934 聊天 military_tech 99.71% 完单率 store 加入时间, 2022年12月3日 thumb_up 99.78% 全部评价 Rare Seller G2G是一个全面的游戏相关产品在线市场。我们致力于为游戏社区的利益创新。 © 2026 G2G.com 关于我们 服务条款 协议条款 隐私政策 帮助中心 日间模式",初始號；命中關鍵字：crown(+20)、gold(+14)、ur(+8)；綜合表現中等，建議比對賣家評價後再決定,2026-04-02T17:04:29
[CHT] 2000 Hourglasses from Pack Opening / 1100 Challenge Hourglasses / 37 Pokémon Gold Bricks / 500 Shop Vouchers /,Freesinging,1.28,40.96,2.05,43.01,31,初始號,https://www.g2g.com/categories/pokemon-tcg-pocket-accounts/offer/G1755923080410WY,USD,7.92,46,"Buy [CHT] 2000 Hourglasses from Pack Opening / 1100 Challenge Hourglasses / 37 Pokémon Gold Bricks / 500 Shop Vouchers / from Freesinging | g2g.com | Buy safe TW 成为卖家 登录 / 注册 首页 > 游戏账号 > Pokemon TCG Pocket [CHT] 2000 Hourglasses from Pack Opening / 1100 Challenge Hourglasses / 37 Pokémon Gold Bricks / 500 Shop Vouchers / 产品信息 交易时间 立即 交易方式 自动发货 Platform Android [CHT] 2000 Hourglasses from Pack Opening / 1100 Challenge Hourglasses / 37 Pokémon Gold Bricks / 500 Shop Vouchers / 1 Random Crown / Android & iOS verified_user 免费保险 14天 1 可用库存 remove add 总额 1.28 USD 立即购买 thumb_up 100.00% 已售出3 Freesinging 用户等级 105 116 聊天 military_tech 99.67% 完单率 store 加入时间, 2025年2月20日 thumb_up 98.72% 全部评价 Rare Seller G2G是一个全面的游戏相关产品在线市场。我们致力于为游戏社区的利益创新。 © 2026 G2G.com 关于我们 服务条款 协议条款 隐私政策 帮助中心 日间模式",初始號；命中關鍵字：crown(+20)、gold(+14)、ur(+8)；綜合表現中等，建議比對賣家評價後再決定,2026-04-02T17:04:29
[Global] 1 Crown Card | 5500+ Exchange Tokens | 35 Gold | 2200 Pack Hourglass | 1000+ Challenge Hourglass | Android&IOS,week1997,1.35,43.2,2.16,45.36,34,初始號,https://www.g2g.com/categories/pokemon-tcg-pocket-accounts/offer/G1750989393805LU,USD,9.65,50,"Buy [Global] 1 Crown Card | 5500+ Exchange Tokens | 35 Gold | 2200 Pack Hourglass | 1000+ Challenge Hourglass | Android&IOS from week1997 | g2g.com | Buy safe TW 成为卖家 登录 / 注册 首页 > 游戏账号 > Pokemon TCG Pocket [Global] 1 Crown Card | 5500+ Exchange Tokens | 35 Gold | 2200 Pack Hourglass | 1000+ Challenge Hourglass | Android&IOS 产品信息 交易时间 10分钟 Platform IOS [Global] 1 Crown Card | 5500+ Exchange Tokens | 35 Gold | 2200 Pack Hourglass | 1000+ Challenge Hourglass | Android&IOS verified_user 免费保险 14天 9.9k 可用库存 remove add 总额 1.35 USD 立即购买 thumb_up 100.00% 已售出34 week1997 用户等级 125 529 聊天 military_tech 100% 完单率 store 加入时间, 2024年11月5日 thumb_up 99.92% 全部评价 Legendary Seller G2G是一个全面的游戏相关产品在线市场。我们致力于为游戏社区的利益创新。 © 2026 G2G.com 关于我们 服务条款 协议条款 隐私政策 帮助中心 日间模式",初始號；命中關鍵字：crown(+20)、gold(+14)、ur(+8)；綜合表現中等，建議比對賣家評價後再決定,2026-04-02T17:04:29
[Global] 1 Crown Card | 5500+ Exchange Tokens | 35 Gold | 2200 Pack Hourglass | 1000+ Challenge Hourglass | Android&IOS,week1997,1.35,43.2,2.16,45.36,34,初始號,https://www.g2g.com/categories/pokemon-tcg-pocket-accounts/offer/G1755331987628VF,USD,9.65,50,"Buy [Global] 1 Crown Card | 5500+ Exchange Tokens | 35 Gold | 2200 Pack Hourglass | 1000+ Challenge Hourglass | Android&IOS from week1997 | g2g.com | Buy safe TW 成为卖家 登录 / 注册 首页 > 游戏账号 > Pokemon TCG Pocket [Global] 1 Crown Card | 5500+ Exchange Tokens | 35 Gold | 2200 Pack Hourglass | 1000+ Challenge Hourglass | Android&IOS 产品信息 交易时间 10分钟 Platform Android [Global] 2 Crown Card | 5500+ Exchange Tokens | 35 Gold | 2200 Pack Hourglass | 1000+ Challenge Hourglass | Android&IOS verified_user 免费保险 14天 9.9k 可用库存 remove add 总额 1.35 USD 立即购买 thumb_up 100.00% 已售出10 week1997 用户等级 125 529 聊天 military_tech 100% 完单率 store 加入时间, 2024年11月5日 thumb_up 99.92% 全部评价 Legendary Seller G2G是一个全面的游戏相关产品在线市场。我们致力于为游戏社区的利益创新。 © 2026 G2G.com 关于我们 服务条款 协议条款 隐私政策 帮助中心 日间模式",初始號；命中關鍵字：crown(+20)、gold(+14)、ur(+8)；綜合表現中等，建議比對賣家評價後再決定,2026-04-02T17:04:29
[Global] 5500+ Exchange Tokens | 35 Gold | 2200 Pack Hourglass | 1000+ Challenge Hourglass | Android&IOS,week1997,1.35,43.2,2.16,45.36,22,初始號,https://www.g2g.com/categories/pokemon-tcg-pocket-accounts/offer/G1770646629183OP,USD,9.65,30,"Buy [Global] 5500+ Exchange Tokens | 35 Gold | 2200 Pack Hourglass | 1000+ Challenge Hourglass | Android&IOS from week1997 | g2g.com | Buy safe TW 成为卖家 登录 / 注册 首页 > 游戏账号 > Pokemon TCG Pocket [Global] 5500+ Exchange Tokens | 35 Gold | 2200 Pack Hourglass | 1000+ Challenge Hourglass | Android&IOS 产品信息 交易时间 10分钟 Platform Android [Global] 5500+ Exchange Tokens | 35 Gold | 2200 Pack Hourglass | 1000+ Challenge Hourglass | Android&IOS verified_user 免费保险 14天 99 可用库存 remove add 总额 1.35 USD 立即购买 thumb_up 100.00% 已售出2 week1997 用户等级 125 529 聊天 military_tech 100% 完单率 store 加入时间, 2024年11月5日 thumb_up 99.92% 全部评价 Legendary Seller G2G是一个全面的游戏相关产品在线市场。我们致力于为游戏社区的利益创新。 © 2026 G2G.com 关于我们 服务条款 协议条款 隐私政策 帮助中心 日间模式",初始號；命中關鍵字：gold(+14)、ur(+8)、ex(+4)；綜合表現中等，建議比對賣家評價後再決定,2026-04-02T17:04:29
[Global] 5500+ Exchange Tokens | 35 Gold | 2200 Pack Hourglass | 1000+ Challenge Hourglass | Android&IOS,week1997,1.35,43.2,2.16,45.36,22,初始號,https://www.g2g.com/categories/pokemon-tcg-pocket-accounts/offer/G1770646674536MF,USD,9.65,30,"Buy [Global] 5500+ Exchange Tokens | 35 Gold | 2200 Pack Hourglass | 1000+ Challenge Hourglass | Android&IOS from week1997 | g2g.com | Buy safe TW 成为卖家 登录 / 注册 首页 > 游戏账号 > Pokemon TCG Pocket [Global] 5500+ Exchange Tokens | 35 Gold | 2200 Pack Hourglass | 1000+ Challenge Hourglass | Android&IOS 产品信息 交易时间 10分钟 Platform IOS [Global] 5500+ Exchange Tokens | 35 Gold | 2200 Pack Hourglass | 1000+ Challenge Hourglass | Android&IOS verified_user 免费保险 14天 93 可用库存 remove add 总额 1.35 USD 立即购买 thumb_up 100.00% 已售出8 week1997 用户等级 125 529 聊天 military_tech 100% 完单率 store 加入时间, 2024年11月5日 thumb_up 99.92% 全部评价 Legendary Seller G2G是一个全面的游戏相关产品在线市场。我们致力于为游戏社区的利益创新。 © 2026 G2G.com 关于我们 服务条款 协议条款 隐私政策 帮助中心 日间模式",初始號；命中關鍵字：gold(+14)、ur(+8)、ex(+4)；綜合表現中等，建議比對賣家評價後再決定,2026-04-02T17:04:29
[Global] 1 Crown Card | 5500+ Exchange Tokens | 35 Gold | 2200 Pack Hourglass | 1000+ Challenge Hourglass | Android&IOS,pingpingShop,1.35,43.2,2.16,45.36,34,初始號,https://www.g2g.com/categories/pokemon-tcg-pocket-accounts/offer/G1773653403692WM,USD,9.65,50,"Buy [Global] 1 Crown Card | 5500+ Exchange Tokens | 35 Gold | 2200 Pack Hourglass | 1000+ Challenge Hourglass | Android&IOS from pingpingShop | g2g.com | Buy safe TW 成为卖家 登录 / 注册 首页 > 游戏账号 > Pokemon TCG Pocket [Global] 1 Crown Card | 5500+ Exchange Tokens | 35 Gold | 2200 Pack Hourglass | 1000+ Challenge Hourglass | Android&IOS 产品信息 交易时间 10分钟 Platform IOS [Global] 1 Crown Card | 5500+ Exchange Tokens | 35 Gold | 2200 Pack Hourglass | 1000+ Challenge Hourglass | Android&IOS verified_user 免费保险 14天 999 可用库存 remove add 总额 1.35 USD 立即购买 thumb_up 0.00% 已售出0 p pingpingShop 用户等级 3 0 聊天 military_tech 100% 完单率 store 加入时间, 2026年2月24日 thumb_up 100% 全部评价 Normal Seller G2G是一个全面的游戏相关产品在线市场。我们致力于为游戏社区的利益创新。 © 2026 G2G.com 关于我们 服务条款 协议条款 隐私政策 帮助中心 日间模式",初始號；命中關鍵字：crown(+20)、gold(+14)、ur(+8)；綜合表現中等，建議比對賣家評價後再決定,2026-04-02T17:04:29
[Global] Crown Card1 | 5500+ Exchange Tokens | 35 Gold | 2200 Pack Hourglass | 1000+ Challenge Hourglass | Android&IOS,pingpingShop,1.35,43.2,2.16,45.36,34,初始號,https://www.g2g.com/categories/pokemon-tcg-pocket-accounts/offer/G1773653676035GW,USD,9.65,50,"Buy [Global] Crown Card1 | 5500+ Exchange Tokens | 35 Gold | 2200 Pack Hourglass | 1000+ Challenge Hourglass | Android&IOS from pingpingShop | g2g.com | Buy safe TW 成为卖家 登录 / 注册 首页 > 游戏账号 > Pokemon TCG Pocket [Global] Crown Card1 | 5500+ Exchange Tokens | 35 Gold | 2200 Pack Hourglass | 1000+ Challenge Hourglass | Android&IOS 产品信息 交易时间 10分钟 Platform Android [Global] Crown Card1 | 5500+ Exchange Tokens | 35 Gold | 2200 Pack Hourglass | 1000+ Challenge Hourglass | Android&IOS verified_user 免费保险 14天 999 可用库存 remove add 总额 1.35 USD 立即购买 thumb_up 0.00% 已售出0 p pingpingShop 用户等级 3 0 聊天 military_tech 100% 完单率 store 加入时间, 2026年2月24日 thumb_up 100% 全部评价 Normal Seller G2G是一个全面的游戏相关产品在线市场。我们致力于为游戏社区的利益创新。 © 2026 G2G.com 关于我们 服务条款 协议条款 隐私政策 帮助中心 日间模式",初始號；命中關鍵字：crown(+20)、gold(+14)、ur(+8)；綜合表現中等，建議比對賣家評價後再決定,2026-04-02T17:04:29
[Global] 5500+ Exchange Tokens | 35 Gold | 1000+ Challenge Hourglass | 2200 Pack Hourglass丨Android&IOS,pingpingShop,1.35,43.2,2.16,45.36,22,初始號,https://www.g2g.com/categories/pokemon-tcg-pocket-accounts/offer/G1773653904089WB,USD,9.65,30,"Buy [Global] 5500+ Exchange Tokens | 35 Gold | 1000+ Challenge Hourglass | 2200 Pack Hourglass丨Android&IOS from pingpingShop | g2g.com | Buy safe TW 成为卖家 登录 / 注册 首页 > 游戏账号 > Pokemon TCG Pocket [Global] 5500+ Exchange Tokens | 35 Gold | 1000+ Challenge Hourglass | 2200 Pack Hourglass丨Android&IOS 产品信息 交易时间 10分钟 Platform Android [Global] 5500+ Exchange Tokens | 35 Gold | 1000+ Challenge Hourglass | 2200 Pack Hourglass丨Android&IOS verified_user 免费保险 14天 999 可用库存 remove add 总额 1.35 USD 立即购买 thumb_up 0.00% 已售出0 p pingpingShop 用户等级 3 0 聊天 military_tech 100% 完单率 store 加入时间, 2026年2月24日 thumb_up 100% 全部评价 Normal Seller G2G是一个全面的游戏相关产品在线市场。我们致力于为游戏社区的利益创新。 © 2026 G2G.com 关于我们 服务条款 协议条款 隐私政策 帮助中心 日间模式",初始號；命中關鍵字：gold(+14)、ur(+8)、ex(+4)；綜合表現中等，建議比對賣家評價後再決定,2026-04-02T17:04:29
[Global] 35 Gold | 5500+ Exchange Tokens | 2200 Pack Hourglass | 1000+ Challenge Hourglass | Android&IOS,pingpingShop,1.35,43.2,2.16,45.36,22,初始號,https://www.g2g.com/categories/pokemon-tcg-pocket-accounts/offer/G1773654106741TY,USD,9.65,30,"Buy [Global] 35 Gold | 5500+ Exchange Tokens | 2200 Pack Hourglass | 1000+ Challenge Hourglass | Android&IOS from pingpingShop | g2g.com | Buy safe TW 成为卖家 登录 / 注册 首页 > 游戏账号 > Pokemon TCG Pocket [Global] 35 Gold | 5500+ Exchange Tokens | 2200 Pack Hourglass | 1000+ Challenge Hourglass | Android&IOS 产品信息 交易时间 10分钟 Platform IOS [Global] 35 Gold | 5500+ Exchange Tokens | 2200 Pack Hourglass | 1000+ Challenge Hourglass | Android&IOS verified_user 免费保险 14天 999 可用库存 remove add 总额 1.35 USD 立即购买 thumb_up 0.00% 已售出0 p pingpingShop 用户等级 3 0 聊天 military_tech 100% 完单率 store 加入时间, 2026年2月24日 thumb_up 100% 全部评价 Normal Seller G2G是一个全面的游戏相关产品在线市场。我们致力于为游戏社区的利益创新。 © 2026 G2G.com 关于我们 服务条款 协议条款 隐私政策 帮助中心 日间模式",初始號；命中關鍵字：gold(+14)、ur(+8)、ex(+4)；綜合表現中等，建議比對賣家評價後再決定,2026-04-02T17:04:29
"Global Server | Random Phase 6 | 1008 Pulls Includes: 35x Golden Transfer Tickets, 2000x Gacha Tickets, 1700x Challenge Tickets",HaloShop,1.4,44.8,2.24,47.04,13,初始號,https://www.g2g.com/categories/pokemon-tcg-pocket-accounts/offer/G1770188418891XS,USD,10.89,14,"Buy Global Server | Random Phase 6 | 1008 Pulls Includes: 35x Golden Transfer Tickets, 2000x Gacha Tickets, 1700x Challenge Tickets from HaloShop | g2g.com | Buy safe TW 成为卖家 登录 / 注册 首页 > 游戏账号 > Pokemon TCG Pocket Global Server | Random Phase 6 | 1008 Pulls Includes: 35x Golden Transfer Tickets, 2000x Gacha Tickets, 1700x Challenge Tickets 产品信息 交易时间 10分钟 Platform Android Global Server | Random Phase 6 | 1008 Pulls Includes: 35x Golden Transfer Tickets, 2000x Gacha Tickets, 1700x Challenge Tickets verified_user 免费保险 14天 19.9k 可用库存 remove add 总额 1.40 USD 立即购买 thumb_up 0.00% 已售出0 HaloShop 用户等级 36 3 聊天 military_tech 100% 完单率 store 加入时间, 2025年8月20日 thumb_up 99.14% 全部评价 Normal Seller G2G是一个全面的游戏相关产品在线市场。我们致力于为游戏社区的利益创新。 © 2026 G2G.com 关于我们 服务条款 协议条款 隐私政策 帮助中心 日间模式",初始號；命中關鍵字：gold(+14)；綜合表現中等，建議比對賣家評價後再決定,2026-04-02T17:04:29
35⠀Poke gold⠀丨⠀2000⠀Pack Hourglass⠀丨⠀1700⠀Wonder Hourglass⠀丨⠀1 Crown Card+ 1 Real Card⠀丨⠀P600,game1992,1.37,43.84,2.19,46.03,38,初始號,https://www.g2g.com/categories/pokemon-tcg-pocket-accounts/offer/G1733135231854ZT,USD,10.15,56,"Buy 35⠀Poke gold⠀丨⠀2000⠀Pack Hourglass⠀丨⠀1700⠀Wonder Hourglass⠀丨⠀1 Crown Card+ 1 Real Card⠀丨⠀P600 from game1992 | g2g.com | Buy safe TW 成为卖家 登录 / 注册 首页 > 游戏账号 > Pokemon TCG Pocket 35⠀Poke gold⠀丨⠀2000⠀Pack Hourglass⠀丨⠀1700⠀Wonder Hourglass⠀丨⠀1 Crown Card+ 1 Real Card⠀丨⠀P600 产品信息 交易时间 1小时 Platform Android ▬▬▬▬▬▬▬▬▬▬▬▬▬▬▬▬▬▬▬▬▬▬▬▬▬▬ ✦ After purchase, please check the email login URL in the order notes ✦ Nintendo Account Format: Account----Password----Email password----Nickname----Date ✦ Poke gold=Poke gold (non-paid) ✦ Full access to account privileges ✦ Working on Android ,IOS ✦ Immediate dispatch (when I'm online) ✦ If you have any questions, or need a custom character, please contact me! ✦ Note: Once an account has been sent, it cannot be refunded ▬▬▬▬▬▬▬▬▬▬▬▬▬▬▬▬▬▬▬▬▬▬▬▬▬▬ 收回 verified_user 免费保险 14天 999 可用库存 remove add 总额 1.37 USD 立即购买 thumb_up 0.00% 已售出0 game1992 用户等级 81 35 聊天 military_tech 99.83% 完单率 store 加入时间, 2022年10月31日 thumb_up 99.83% 全部评价 Common Seller G2G是一个全面的游戏相关产品在线市场。我们致力于为游戏社区的利益创新。 © 2026 G2G.com 关于我们 服务条款 协议条款 隐私政策 帮助中心 日间模式",初始號；命中關鍵字：crown(+20)、gold(+14)、poke gold(+10)；綜合表現中等，建議比對賣家評價後再決定,2026-04-02T17:04:29
